{"AAPL":{"0":null,"1":0.003496144,"2":-0.0066092837,"3":-0.0120171231,"4":-0.0152954688,"5":-0.0315432328,"6":0.0052003503,"7":0.0124707292,"8":-0.001774957,"9":0.0032329328,"10":-0.0056394006,"11":0.0022685535,"12":-0.023604225,"13":0.0040291423,"14":0.0128635039,"15":0.0075440977,"16":0.0371148459,"17":0.0054536955,"18":-0.0022213039,"19":-0.0005177323,"20":0.0028490028,"21":0.0055785124,"22":0.0007704952,"23":0.0108299543,"24":-0.0053315731,"25":0.0085762418,"26":0.0027332085,"27":-0.0007571551,"28":-0.0164174581,"29":-0.0078578399,"30":0.0130965939,"31":-0.0073578254,"32":-0.0100375766,"33":0.0057196339,"34":-0.0206286837,"35":0.0095549807,"36":-0.0067454507,"37":-0.0030534351,"38":0.0054390875,"39":-0.0032037815,"40":0.0009484167,"41":0.0070537453,"42":-0.0035021693,"43":0.004248846,"44":-0.0091930008,"45":0.0001054352,"46":-0.0089610458,"47":-0.0030317536,"48":-0.014084507,"49":0.0086580087,"50":-0.0214055794,"51":0.0026314347,"52":-0.0058505112,"53":-0.0142448576,"54":-0.0143949116,"55":0.0052080385,"56":-0.0202736949,"57":-0.018393976,"58":-0.0028107981,"59":-0.0121557343,"60":-0.0079063132,"61":0.0252261969,"62":0.0136762127,"63":-0.0025369004,"64":-0.0006936416,"65":0.0149236465,"66":0.0021657358,"67":0.0074499545,"68":0.0088625459,"69":0.0007273948,"70":0.0103997763,"71":-0.0050356925,"72":-0.0078420467,"73":0.0033634172,"74":-0.0083803564,"75":-0.0145360302,"76":-0.0071465325,"77":-0.0072555568,"78":0.0078306265,"79":-0.014618705,"80":-0.0030372058,"81":-0.0015232292,"82":0.0089772927,"83":0.0239590602,"84":-0.0073262154,"85":-0.0049201899,"86":0.0089691255,"87":0.0204000228,"88":-0.0061428492,"89":-0.0166320166,"90":0.0041711902,"91":-0.008706043,"92":0.0119970151,"93":0.0173567782,"94":-0.0065789474,"95":-0.0034796273,"96":0.0301306601,"97":0.0371220819,"98":-0.0012651555,"99":-0.0083922728},"GOOG":{"0":null,"1":-0.011107416,"2":-0.0065240786,"3":0.0017602058,"4":-0.0201392174,"5":-0.0144837575,"6":0.0083280845,"7":0.0011104942,"8":-0.0039517471,"9":0.0009048514,"10":-0.0086230876,"11":-0.0142396184,"12":-0.0223439835,"13":0.0047310576,"14":0.0168067227,"15":-0.0056996295,"16":0.0098165664,"17":0.0024835024,"18":0.0011325028,"19":0.0097567873,"20":-0.000700182,"21":-0.0064461883,"22":-0.0150916784,"23":-0.0111699842,"24":-0.006589428,"25":-0.0244186894,"26":-0.004781829,"27":0.0057807808,"28":-0.002463238,"29":0.007931757,"30":0.0144023756,"31":0.0132464871,"32":-0.0507042254,"33":0.0073042684,"34":-0.0132940554,"35":0.0205925132,"36":0.00450045,"37":0.0185185185,"38":0.0162756598,"39":-0.0041119608,"40":0.0012314379,"41":0.0130227174,"42":-0.0099985716,"43":-0.0050497764,"44":-0.0071055684,"45":0.0128523441,"46":-0.0167267484,"47":-0.0069658308,"48":-0.0132171602,"49":0.0031427716,"50":-0.0176786514,"51":0.0119219379,"52":-0.0064535495,"53":-0.0071752266,"54":-0.0082160517,"55":-0.0137301526,"56":-0.0078550319,"57":-0.0177941522,"58":0.0035913807,"59":-0.0186878728,"60":0.0003241491,"61":0.0261665587,"62":0.1061814163,"63":-0.0158435627,"64":-0.0084118927,"65":0.0163814539,"66":0.002158584,"67":0.0122774268,"68":-0.0035463508,"69":-0.0135952737,"70":0.0123394429,"71":0.0100506095,"72":-0.0176429076,"73":0.0021551724,"74":-0.0055197133,"75":-0.0197505947,"76":0.0020589749,"77":-0.0217949659,"78":0.0140285071,"79":-0.0245616631,"80":0.0097080015,"81":-0.0125441298,"82":-0.015289822,"83":0.0210119737,"84":-0.0069607324,"85":0.0008380952,"86":0.024588916,"87":0.0315030834,"88":0.000936397,"89":-0.0047495682,"90":0.004989154,"91":-0.0107201957,"92":-0.0104,"93":0.0122730947,"94":-0.0039204298,"95":-0.0072886297,"96":-0.0060939794,"97":0.0098987959,"98":0.0006583278,"99":0.0040204678},"MSFT":{"0":null,"1":-0.0090918124,"2":-0.0059914766,"3":0.0054475297,"4":-0.0120400331,"5":-0.0111711986,"6":0.0020540735,"7":-0.0046121916,"8":-0.0098849332,"9":-0.0048358162,"10":-0.0182354939,"11":-0.0029271668,"12":-0.0185219782,"13":0.0005166553,"14":0.0072294396,"15":0.0007285483,"16":0.0139401947,"17":-0.0020210616,"18":-0.0032242592,"19":0.0015772449,"20":-0.0002135269,"21":-0.0027764429,"22":-0.0078171012,"23":0.007123199,"24":-0.0016342496,"25":-0.0051522877,"26":-0.012947428,"27":0.0230645205,"28":0.0000267115,"29":-0.0082269352,"30":0.0078911931,"31":-0.0087646634,"32":-0.0057959294,"33":0.0100867679,"34":-0.0090733383,"35":0.0145473262,"36":0.0117486849,"37":-0.0001583489,"38":0.0101623334,"39":-0.0106872224,"40":-0.0031166636,"41":0.0011127891,"42":-0.0126505227,"43":0.0117136194,"44":-0.0201091564,"45":0.0170880087,"46":-0.0172794215,"47":0.0016230692,"48":-0.0096956275,"49":0.0081542489,"50":-0.0242919361,"51":0.0069588844,"52":-0.0073513216,"53":-0.0110947771,"54":-0.0104619527,"55":-0.0126984127,"56":-0.0064595774,"57":-0.0230011269,"58":-0.0023660939,"59":-0.0222347396,"60":-0.0058215336,"61":0.038976486,"62":-0.0297648751,"63":-0.0036607872,"64":-0.0080468845,"65":0.0142345486,"66":-0.0036520584,"67":0.0059071219,"68":0.0017466723,"69":-0.0147607023,"70":0.0104659323,"71":0.0038048073,"72":-0.0121232176,"73":0.0043545784,"74":-0.0077618095,"75":-0.0241398277,"76":-0.0012681613,"77":-0.0174476023,"78":0.0268355723,"79":-0.0188004972,"80":-0.006682502,"81":-0.0027101135,"82":-0.0020780715,"83":0.0172999295,"84":-0.0016690811,"85":0.007949276,"86":0.0038806998,"87":0.0245658883,"88":0.0012475278,"89":0.003525193,"90":0.0256798498,"91":-0.0077945084,"92":-0.0127655776,"93":0.018597221,"94":-0.010859916,"95":-0.0130433482,"96":0.0090024552,"97":0.0020127373,"98":-0.0146604707,"99":-0.0027383923},"TSLA":{"0":null,"1":0.0063032286,"2":-0.0016257053,"3":0.0162356322,"4":-0.0014609548,"5":0.0173211252,"6":0.0202273254,"7":-0.0046382611,"8":0.0380556444,"9":0.0295748614,"10":0.0043600923,"11":0.0233656793,"12":-0.0123102516,"13":0.0018527096,"14":0.0021855167,"15":0.0418117006,"16":0.0002415264,"17":0.0189150032,"18":0.0326250099,"19":-0.0184746022,"20":-0.0158606446,"21":0.0077611467,"22":-0.0289194499,"23":0.0407865987,"24":-0.019982894,"25":0.0056331323,"26":-0.0096646943,"27":-0.0468432583,"28":-0.0095281876,"29":0.0115185013,"30":0.0171018603,"31":-0.0049212598,"32":-0.0134767557,"33":-0.0027154614,"34":-0.0131534853,"35":0.0137957382,"36":0.0052338483,"37":0.0169110297,"38":0.0105677071,"39":-0.0431258106,"40":-0.0026685869,"41":-0.0052665109,"42":0.0298450109,"43":-0.0232172471,"44":-0.0055178268,"45":-0.003030303,"46":0.0395992979,"47":-0.0223604019,"48":-0.0577060781,"49":-0.0404988601,"50":-0.0217563475,"51":0.0577674064,"52":0.0003151592,"53":-0.0130974885,"54":0.0031468053,"55":-0.0065921077,"56":-0.0588073772,"57":-0.0234367403,"58":-0.0173272257,"59":0.0503648156,"60":-0.0074288471,"61":0.0323678072,"62":0.0193013841,"63":-0.0205061888,"64":-0.0004243682,"65":0.0383036936,"66":0.1025396393,"67":0.0501483435,"68":-0.0036492054,"69":-0.0110270951,"70":0.0308617394,"71":0.0159153243,"72":0.0023955283,"73":-0.0149836886,"74":0.0033118959,"75":-0.0018423982,"76":0.0042684099,"77":-0.0560192985,"78":0.0205654484,"79":-0.0054848967,"80":-0.0153464951,"81":-0.0238655735,"82":0.0150519751,"83":0.0117565132,"84":-0.008542856,"85":0.0441849069,"86":0.0269456394,"87":0.0148901329,"88":-0.0045778612,"89":0.0343410736,"90":0.0060133387,"91":-0.0171714244,"92":-0.0140803539,"93":0.0228054434,"94":-0.0916733679,"95":0.0120321932,"96":0.0017098095,"97":0.0181406796,"98":-0.0447580802,"99":0.0533447614},"BA":{"0":null,"1":-0.0122822584,"2":0.0162174941,"3":0.000418741,"4":-0.0158589899,"5":-0.0404045177,"6":-0.0125086181,"7":0.0856772392,"8":0.0227836472,"9":0.0232641696,"10":-0.0091292135,"11":0.0143515237,"12":0.0873362445,"13":-0.0163052209,"14":-0.0042051115,"15":0.0321840023,"16":0.0353511281,"17":-0.0011892887,"18":0.0067217208,"19":0.002632583,"20":-0.0089425016,"21":0.0060666564,"22":-0.0067552095,"23":0.0125264169,"24":-0.0117642594,"25":0.0148227795,"26":-0.0303855905,"27":-0.0208008117,"28":-0.0090869236,"29":-0.0022121224,"30":-0.0136246372,"31":-0.0301185125,"32":-0.0018539586,"33":-0.0115243362,"34":0.0030321148,"35":-0.0042576745,